Country Name,Country Code,Indicator Name,2000,2001,2002,2003,2004,2005,2006,2007,2008,2009,2010,2011,2012,2013,2014,2015,2016,2017,2018,2019,2020,2021,2022
Aruba,ABW,"Population, total",89101.0,90691.0,91781.0,92701.0,93540.0,94483.0,95606.0,96787.0,97996.0,99212.0,100341.0,101288.0,102112.0,102880.0,103594.0,104257.0,104874.0,105439.0,105962.0,106442.0,106585.0,106537.0,106445.0
Africa Eastern and Southern,AFE,"Population, total",401600588.0,412001885.0,422741118.0,433807484.0,445281555.0,457153837.0,469508516.0,482406426.0,495748900.0,509410477.0,523459657.0,537792950.0,552530654.0,567892149.0,583651101.0,600008424.0,616377605.0,632746570.0,649757148.0,667242986.0,685112979.0,702977106.0,720839314.0
Afghanistan,AFG,"Population, total",19542982.0,19688632.0,21000256.0,22645130.0,23553551.0,24411191.0,25442944.0,25903301.0,26427199.0,27385307.0,28189672.0,29249157.0,30466479.0,31541209.0,32716210.0,33753499.0,34636207.0,35643418.0,36686784.0,37769499.0,38972230.0,40099462.0,41128771.0
Africa Western and Central,AFW,"Population, total",269611898.0,277160097.0,284952322.0,292977949.0,301265247.0,309824829.0,318601484.0,327612838.0,336893835.0,346475221.0,356337762.0,366489204.0,376797999.0,387204553.0,397855507.0,408690375.0,419778384.0,431138704.0,442646825.0,454306063.0,466189102.0,478185907.0,490330870.0
Angola,AGO,"Population, total",16394062.0,16941587.0,17516139.0,18124342.0,18771125.0,19450959.0,20162340.0,20909684.0,21691522.0,22507674.0,23364185.0,24259111.0,25188292.0,26147002.0,27128337.0,28127721.0,29154746.0,30208628.0,31273533.0,32353588.0,33428486.0,34503774.0,35588987.0
Albania,ALB,"Population, total",3089027.0,3060173.0,3051010.0,3039616.0,3026939.0,3011487.0,2992547.0,2970017.0,2947314.0,2927519.0,2913021.0,2905195.0,2900401.0,2895092.0,2889104.0,2880703.0,2876101.0,2873457.0,2866376.0,2854191.0,2837849.0,2811666.0,2775634.0
Andorra,AND,"Population, total",66097.0,67820.0,70849.0,73907.0,76933.0,79826.0,80221.0,78168.0,76055.0,73852.0,71519.0,70567.0,71013.0,71367.0,71621.0,71746.0,72540.0,73837.0,75013.0,76343.0,77700.0,79034.0,79824.0
Arab World,ARB,"Population, total",287065982.0,293512340.0,300018650.0,306573087.0,313249616.0,320558754.0,328703057.0,337498222.0,346630443.0,355754908.0,364427661.0,372351065.0,380383408.0,389131555.0,397922915.0,406501999.0,415077960.0,423664839.0,432545676.0,441467739.0,449228296.0,456520777.0,464684914.0
United Arab Emirates,ARE,"Population, total",3275333.0,3454198.0,3633655.0,3813443.0,3993339.0,4280993.0,4898954.0,5872624.0,6988685.0,7992644.0,8481771.0,8575205.0,8664969.0,8751847.0,8835951.0,8916899.0,8994263.0,9068296.0,9140169.0,9211657.0,9287289.0,9365145.0,9441129.0
Argentina,ARG,"Population, total",37070774.0,37480493.0,37885028.0,38278164.0,38668796.0,39070501.0,39476851.0,39876111.0,40273769.0,40684338.0,40788453.0,41261490.0,41733271.0,42202935.0,42669500.0,43131966.0,43590368.0,44044811.0,44494502.0,44938712.0,45376763.0,45808747.0,46234830.0
Armenia,ARM,"Population, total",3168523.0,3133133.0,3105037.0,3084102.0,3065745.0,3047246.0,3026486.0,3004393.0,2983421.0,2964296.0,2946293.0,2928976.0,2914421.0,2901385.0,2889930.0,2878595.0,2865835.0,2851923.0,2836557.0,2820602.0,2805608.0,2790974.0,2780469.0
American Samoa,ASM,"Population, total",58230.0,58324.0,58177.0,57941.0,57626.0,57254.0,56837.0,56383.0,55891.0,55366.0,54849.0,54310.0,53691.0,52995.0,52217.0,51368.0,50448.0,49463.0,48424.0,47321.0,46189.0,45035.0,44273.0
Antigua and Barbuda,ATG,"Population, total",75055.0,76215.0,77195.0,78075.0,78941.0,79869.0,80895.0,82016.0,83251.0,84534.0,85695.0,86729.0,87674.0,88497.0,89236.0,89941.0,90564.0,91119.0,91626.0,92117.0,92664.0,93219.0,93763.0
Australia,AUS,"Population, total",19028802.0,19274701.0,19495210.0,19720737.0,19932722.0,20176844.0,20450966.0,20827622.0,21249199.0,21691653.0,22031750.0,22340024.0,22733465.0,23128129.0,23475686.0,23815995.0,24190907.0,24594202.0,24966643.0,25340217.0,25655289.0,25688079.0,25978935.0
Austria,AUT,"Population, total",8011566.0,8042293.0,8081957.0,8121423.0,8171966.0,8227829.0,8268641.0,8295487.0,8321496.0,8343323.0,8363404.0,8391643.0,8429991.0,8479823.0,8546356.0,8642699.0,8736668.0,8797566.0,8840521.0,8879920.0,8916864.0,8955797.0,9042528.0
Azerbaijan,AZE,"Population, total",8048600.0,8111200.0,8171950.0,8234100.0,8306500.0,8391850.0,8484550.0,8581300.0,8763400.0,8947243.0,9054332.0,9173082.0,9295784.0,9416801.0,9535079.0,9649341.0,9757812.0,9854033.0,9939771.0,10024283.0,10093121.0,10137750.0,10175016.0
Burundi,BDI,"Population, total",6307659.0,6465729.0,6648938.0,6860846.0,7120496.0,7388874.0,7658190.0,7944609.0,8278109.0,8709366.0,9126605.0,9455733.0,9795479.0,10149577.0,10494913.0,10727148.0,10903327.0,11155593.0,11493472.0,11874838.0,12220227.0,12551213.0,12889576.0
Belgium,BEL,"Population, total",10251250.0,10286570.0,10332785.0,10376133.0,10421137.0,10478617.0,10547958.0,10625700.0,10709973.0,10796493.0,10895586.0,11038264.0,11106932.0,11159407.0,11209057.0,11274196.0,11331422.0,11375158.0,11427054.0,11488980.0,11538604.0,11592952.0,11669446.0
Benin,BEN,"Population, total",6998023.0,7212041.0,7431783.0,7659208.0,7894554.0,8149419.0,8402631.0,8647761.0,8906469.0,9172514.0,9445710.0,9726380.0,10014078.0,10308730.0,10614844.0,10932783.0,11260085.0,11596779.0,11940683.0,12290444.0,12643123.0,12996895.0,13352864.0
Burkina Faso,BFA,"Population, total",11882888.0,12249764.0,12632269.0,13030591.0,13445977.0,13876127.0,14316242.0,14757074.0,15197915.0,15650022.0,16116845.0,16602651.0,17113732.0,17636408.0,18169842.0,18718019.0,19275498.0,19835858.0,20392723.0,20951639.0,21522626.0,22100683.0,22673762.0
Bangladesh,BGD,"Population, total",129193327.0,131670484.0,134139826.0,136503206.0,138789725.0,140912590.0,142628831.0,144135934.0,145421318.0,146706810.0,148391139.0,150211005.0,152090649.0,154030139.0,155961299.0,157830000.0,159784568.0,161793964.0,163683958.0,165516222.0,167420951.0,169356251.0,171186372.0
Bulgaria,BGR,"Population, total",8170172.0,8009142.0,7837161.0,7775327.0,7716860.0,7658972.0,7601022.0,7545338.0,7492561.0,7444443.0,7395599.0,7348328.0,7305888.0,7265115.0,7223938.0,7177991.0,7127822.0,7075947.0,7025037.0,6975761.0,6934015.0,6877743.0,6465097.0
Bahrain,BHR,"Population, total",711442.0,730257.0,748324.0,778256.0,833451.0,901921.0,970981.0,1040532.0,1110343.0,1179453.0,1213645.0,1212077.0,1224939.0,1261673.0,1311134.0,1362142.0,1409661.0,1456834.0,1487340.0,1494188.0,1477469.0,1463265.0,1472233.0
"Bahamas, The",BHS,"Population, total",325014.0,329626.0,334002.0,338490.0,343089.0,347804.0,352664.0,357666.0,362795.0,368057.0,373272.0,377950.0,382061.0,385650.0,389131.0,392697.0,395976.0,399020.0,401906.0,404557.0,406471.0,407906.0,409984.0
Bosnia and Herzegovina,BIH,"Population, total",4179350.0,4194932.0,4198410.0,4183757.0,4142860.0,4094297.0,4058086.0,4007876.0,3943392.0,3877750.0,3811088.0,3743142.0,3674374.0,3617559.0,3571068.0,3524324.0,3480986.0,3440027.0,3400129.0,3360711.0,3318407.0,3270943.0,3233526.0
Belarus,BLR,"Population, total",9979610.0,9928549.0,9865548.0,9796749.0,9730146.0,9663915.0,9604924.0,9560953.0,9527985.0,9504583.0,9483836.0,9461643.0,9446836.0,9443211.0,9448515.0,9461076.0,9469379.0,9458989.0,9438785.0,9419758.0,9379952.0,9302585.0,9208701.0
Belize,BLZ,"Population, total",240406.0,248100.0,255987.0,263998.0,272128.0,280375.0,288729.0,297173.0,305671.0,314171.0,322106.0,329538.0,337059.0,344688.0,352335.0,359871.0,367313.0,374693.0,382066.0,389095.0,394921.0,400031.0,405272.0
Bermuda,BMU,"Population, total",61833.0,62504.0,62912.0,63325.0,63740.0,64154.0,64523.0,64888.0,65273.0,65636.0,65124.0,64564.0,64798.0,65001.0,65138.0,65237.0,64554.0,63873.0,63918.0,63911.0,63893.0,63764.0,63532.0
Bolivia,BOL,"Population, total",8592656.0,8746084.0,8900583.0,9057378.0,9216279.0,9377388.0,9542663.0,9711152.0,9880593.0,10051317.0,10223270.0,10396246.0,10569697.0,10743349.0,10916987.0,11090085.0,11263015.0,11435533.0,11606905.0,11777315.0,11936162.0,12079472.0,12224110.0
Brazil,BRA,"Population, total",175873720.0,178211881.0,180476685.0,182629278.0,184722043.0,186797334.0,188820682.0,190779453.0,192672317.0,194517549.0,196353492.0,198185302.0,199977707.0,201721767.0,203459650.0,205188205.0,206859578.0,208504960.0,210166592.0,211782878.0,213196304.0,214326223.0,215313498.0
Barbados,BRB,"Population, total",264657.0,265377.0,266455.0,267499.0,268505.0,269477.0,270425.0,271444.0,272635.0,273791.0,274711.0,275486.0,276197.0,276865.0,277493.0,278083.0,278649.0,279187.0,279688.0,280180.0,280693.0,281200.0,281635.0
Brunei Darussalam,BRN,"Population, total",333926.0,340748.0,347463.0,354045.0,360461.0,366717.0,372808.0,378748.0,384568.0,390311.0,396053.0,401506.0,406634.0,411702.0,416656.0,421437.0,425994.0,430276.0,434274.0,438048.0,441725.0,445373.0,449002.0
Bhutan,BTN,"Population, total",587207.0,603234.0,619048.0,634627.0,649991.0,663323.0,673260.0,681614.0,689737.0,697678.0,705516.0,713331.0,721145.0,728889.0,736357.0,743274.0,749761.0,756121.0,762096.0,767459.0,772506.0,777486.0,782455.0
Botswana,BWA,"Population, total",1726985.0,1761930.0,1795130.0,1826863.0,1859085.0,1892807.0,1928704.0,1966977.0,2007320.0,2048997.0,2091664.0,2134037.0,2175425.0,2217278.0,2260376.0,2305171.0,2352416.0,2401840.0,2451409.0,2499702.0,2546402.0,2588423.0,2630296.0
Central African Republic,CAF,"Population, total",3759170.0,3844773.0,3930648.0,4026841.0,4115138.0,4208834.0,4294352.0,4375569.0,4467233.0,4564540.0,4660067.0,4732022.0,4773306.0,4802428.0,4798734.0,4819333.0,4904177.0,4996741.0,5094780.0,5209324.0,5343020.0,5457154.0,5579144.0
Canada,CAN,"Population, total",30685730.0,31020902.0,31360079.0,31644028.0,31940655.0,32243753.0,32571174.0,32889025.0,33247118.0,33628895.0,34004889.0,34339328.0,34714222.0,35082954.0,35437435.0,35702908.0,36109487.0,36545236.0,37065084.0,37601230.0,38007166.0,38226498.0,38929902.0
Central Europe and the Baltics,CEB,"Population, total",108447824.0,107660041.0,106959751.0,106624167.0,106331716.0,106041911.0,105772481.0,105378748.0,105001883.0,104800475.0,104421447.0,104174038.0,103935318.0,103713726.0,103496179.0,103257886.0,102994278.0,102740078.0,102538451.0,102398537.0,102180124.0,101410997.0,100648571.0
Switzerland,CHE,"Population, total",7184250.0,7229854.0,7284753.0,7339001.0,7389625.0,7437115.0,7483934.0,7551117.0,7647675.0,7743831.0,7824909.0,7912398.0,7996861.0,8089346.0,8188649.0,8282396.0,8373338.0,8451840.0,8514329.0,8575280.0,8638167.0,8703405.0,8769741.0
Channel Islands,CHI,"Population, total",145306.0,146044.0,147167.0,148341.0,149538.0,150763.0,151985.0,153225.0,154475.0,155721.0,156933.0,157819.0,158621.0,159794.0,160912.0,162190.0,163721.0,165215.0,167259.0,169410.0,171113.0,172683.0,174079.0
Chile,CHL,"Population, total",15351799.0,15523978.0,15693790.0,15859112.0,16017966.0,16175311.0,16334575.0,16495538.0,16661462.0,16833447.0,17004162.0,17173573.0,17341771.0,17509925.0,17687108.0,17870124.0,18083879.0,18368577.0,18701450.0,19039485.0,19300315.0,19493184.0,19603733.0
China,CHN,"Population, total",1262645000.0,1271850000.0,1280400000.0,1288400000.0,1296075000.0,1303720000.0,1311020000.0,1317885000.0,1324655000.0,1331260000.0,1337705000.0,1345035000.0,1354190000.0,1363240000.0,1371860000.0,1379860000.0,1387790000.0,1396215000.0,1402760000.0,1407745000.0,1411100000.0,1412360000.0,1412175000.0
Cote d'Ivoire,CIV,"Population, total",16799670.0,17245468.0,17683897.0,18116451.0,18544903.0,18970215.0,19394057.0,19817700.0,20244449.0,20677762.0,21120042.0,21562914.0,22010712.0,22469268.0,22995555.0,23596741.0,24213622.0,24848016.0,25493988.0,26147551.0,26811790.0,27478249.0,28160542.0
Cameroon,CMR,"Population, total",15091594.0,15493253.0,15914033.0,16354326.0,16809407.0,17275171.0,17751333.0,18251866.0,18777081.0,19319274.0,19878036.0,20448873.0,21032684.0,21632850.0,22299585.0,23012646.0,23711630.0,24393181.0,25076747.0,25782341.0,26491087.0,27198628.0,27914536.0
"Congo, Dem. Rep.",COD,"Population, total",48616317.0,50106657.0,51662071.0,53205639.0,54815607.0,56550247.0,58381630.0,60289422.0,62249724.0,64270232.0,66391257.0,68654269.0,70997870.0,73460021.0,76035588.0,78656904.0,81430977.0,84283273.0,87087355.0,89906890.0,92853164.0,95894118.0,99010212.0
"Congo, Rep.",COG,"Population, total",3134030.0,3254101.0,3331158.0,3424653.0,3543012.0,3672839.0,3813323.0,3956329.0,4089602.0,4257230.0,4437884.0,4584216.0,4713257.0,4828066.0,4944861.0,5064386.0,5186824.0,5312340.0,5441062.0,5570733.0,5702174.0,5835806.0,5970424.0
Colombia,COL,"Population, total",39215135.0,39837875.0,40454050.0,41057687.0,41648268.0,42220940.0,42772910.0,43306582.0,43815313.0,44313917.0,44816108.0,45308899.0,45782417.0,46237930.0,46677947.0,47119728.0,47625955.0,48351671.0,49276961.0,50187406.0,50930662.0,51516562.0,51874024.0
Comoros,COM,"Population, total",536758.0,547741.0,559047.0,570130.0,581154.0,592683.0,604658.0,616899.0,629470.0,642493.0,656024.0,670071.0,684553.0,699393.0,714612.0,730216.0,746232.0,761664.0,776313.0,790986.0,806166.0,821625.0,836774.0
Cabo Verde,CPV,"Population, total",458251.0,465958.0,473231.0,480089.0,486583.0,492827.0,498884.0,504733.0,510336.0,515638.0,521212.0,527521.0,533864.0,539940.0,546076.0,552166.0,558394.0,564954.0,571202.0,577030.0,582640.0,587925.0,593149.0
Costa Rica,CRI,"Population, total",3979193.0,4053222.0,4122623.0,4188610.0,4252800.0,4315887.0,4378172.0,4440019.0,4501921.0,4563127.0,4622252.0,4679926.0,4736593.0,4791535.0,4844288.0,4895242.0,4945205.0,4993842.0,5040734.0,5084532.0,5123105.0,5153957.0,5180829.0
Caribbean small states,CSS,"Population, total",6582141.0,6626803.0,6671842.0,6716747.0,6760372.0,6802474.0,6844183.0,6884705.0,6923924.0,6964240.0,7004428.0,7044357.0,7088996.0,7135884.0,7181044.0,7224602.0,7265272.0,7303634.0,7374650.0,7424102.0,7444768.0,7481877.0,7505478.0
Cuba,CUB,"Population, total",11105791.0,11139127.0,11170051.0,11199217.0,11225294.0,11246114.0,11260630.0,11269887.0,11276609.0,11283185.0,11290417.0,11298710.0,11309290.0,11321579.0,11332026.0,11339894.0,11342012.0,11336405.0,11328244.0,11316697.0,11300698.0,11256372.0,11212191.0
Curacao,CUW,"Population, total",133860.0,129047.0,129205.0,131897.0,134192.0,137658.0,141239.0,144056.0,145880.0,146833.0,148703.0,150831.0,152088.0,153822.0,155909.0,157980.0,159664.0,160175.0,159336.0,157441.0,154947.0,152369.0,149996.0
Cayman Islands,CYM,"Population, total",39658.0,41054.0,42456.0,43862.0,45286.0,46727.0,48177.0,49647.0,51123.0,52602.0,54074.0,55492.0,56860.0,58212.0,59559.0,60911.0,62255.0,63581.0,64884.0,66134.0,67311.0,68136.0,68706.0
Cyprus,CYP,"Population, total",948237.0,964830.0,982194.0,1000350.0,1018684.0,1037062.0,1055438.0,1073873.0,1092390.0,1110974.0,1129686.0,1145086.0,1156556.0,1166968.0,1176995.0,1187280.0,1197881.0,1208523.0,1218831.0,1228836.0,1237537.0,1244188.0,1251488.0
Czechia,CZE,"Population, total",10255063.0,10216605.0,10196916.0,10193998.0,10197101.0,10211216.0,10238905.0,10298828.0,10384603.0,10443936.0,10474410.0,10496088.0,10510785.0,10514272.0,10525347.0,10546059.0,10566332.0,10594438.0,10629928.0,10671870.0,10697858.0,10505772.0,10526073.0
Germany,DEU,"Population, total",82211508.0,82349925.0,82488495.0,82534176.0,82516260.0,82469422.0,82376451.0,82266372.0,82110097.0,81902307.0,81776930.0,80274983.0,80425823.0,80645605.0,80982500.0,81686611.0,82348669.0,82657002.0,82905782.0,83092962.0,83160871.0,83196078.0,84079811.0
Djibouti,DJI,"Population, total",742033.0,765490.0,789129.0,806411.0,818373.0,830861.0,846947.0,865196.0,882886.0,901103.0,919199.0,936811.0,954297.0,971753.0,989087.0,1006259.0,1023261.0,1040233.0,1057198.0,1073994.0,1090156.0,1105557.0,1120849.0
Dominica,DMA,"Population, total",68346.0,68153.0,68262.0,68442.0,68574.0,68674.0,68742.0,68775.0,68782.0,68787.0,68755.0,68742.0,68888.0,68819.0,69371.0,70007.0,70075.0,70403.0,70823.0,71428.0,71995.0,72412.0,72737.0
Denmark,DNK,"Population, total",5339616.0,5358783.0,5375931.0,5390574.0,5404523.0,5419432.0,5437272.0,5461438.0,5493621.0,5523095.0,5547683.0,5570572.0,5591572.0,5614932.0,5643475.0,5683483.0,5728010.0,5764980.0,5793636.0,5814422.0,5831404.0,5856733.0,5903037.0
Dominican Republic,DOM,"Population, total",8540791.0,8669040.0,8795101.0,8919852.0,9043127.0,9164768.0,9284168.0,9402206.0,9522948.0,9648061.0,9775755.0,9903737.0,10030882.0,10157051.0,10282115.0,10405832.0,10527592.0,10647244.0,10765531.0,10881882.0,10999664.0,11117873.0,11228821.0
Algeria,DZA,"Population, total",30774621.0,31200985.0,31624696.0,32055883.0,32510186.0,32956690.0,33435080.0,33983827.0,34569592.0,35196037.0,35856344.0,36543541.0,37260563.0,38000626.0,38760168.0,39543154.0,40339329.0,41136546.0,41927007.0,42705368.0,43451666.0,44177969.0,44903225.0
East Asia & Pacific (excluding high income),EAP,"Population, total",1817006555.0,1834101877.0,1850472928.0,1866240858.0,1881561559.0,1896788261.0,1911721676.0,1926306467.0,1940768141.0,1955042105.0,1969186913.0,1984267781.0,2001264155.0,2018068461.0,2034264880.0,2049757846.0,2065173002.0,2080919319.0,2094524854.0,2106391925.0,2116378687.0,2123628421.0,2129112126.0
Early-demographic dividend,EAR,"Population, total",2499206970.0,2545843129.0,2591204247.0,2635731526.0,2680567394.0,2725013738.0,2769421149.0,2814101547.0,2857856055.0,2901516356.0,2946338808.0,2991353712.0,3035261244.0,3078835706.0,3122586392.0,3166642585.0,3210110979.0,3252529883.0,3294298709.0,3335463995.0,3375134276.0,3411889759.0,3447753080.0
East Asia & Pacific,EAS,"Population, total",2048148696.0,2066530023.0,2083969920.0,2100610344.0,2116651449.0,2132517760.0,2148405823.0,2164155292.0,2179914111.0,2195169711.0,2210203758.0,2225992094.0,2243776727.0,2261274500.0,2278232287.0,2294507020.0,2310721864.0,2327134580.0,2341387076.0,2353862257.0,2363941755.0,2370196777.0,2375143162.0
Europe & Central Asia (excluding high income),ECA,"Population, total",370646199.0,370739184.0,370807684.0,371072025.0,371533136.0,372077135.0,372780224.0,373795966.0,375281256.0,377054106.0,379132241.0,381278903.0,383476086.0,386051693.0,388842371.0,391695432.0,394321096.0,396482489.0,398076771.0,399592320.0,400811771.0,401537489.0,397493238.0
Europe & Central Asia,ECS,"Population, total",862786211.0,863909133.0,865474170.0,867701442.0,870270838.0,872913705.0,875627934.0,878767025.0,882357452.0,885846236.0,889222824.0,891279641.0,894762079.0,899035925.0,903601049.0,908123143.0,912374705.0,915855417.0,918782553.0,921179725.0,923104113.0,923419216.0,920631231.0
Ecuador,ECU,"Population, total",12626507.0,12845521.0,13070609.0,13301184.0,13534593.0,13770012.0,14009061.0,14251835.0,14496797.0,14742766.0,14989585.0,15237728.0,15483883.0,15722989.0,15957994.0,16195902.0,16439585.0,16696944.0,17015672.0,17343740.0,17588595.0,17797737.0,18001000.0
"Egypt, Arab Rep.",EGY,"Population, total",71371371.0,72854261.0,74393759.0,75963322.0,77522427.0,79075310.0,80629670.0,82218755.0,83844783.0,85501064.0,87252413.0,89200054.0,91240376.0,93377890.0,95592324.0,97723799.0,99784030.0,101789386.0,103740765.0,105618671.0,107465134.0,109262178.0,110990103.0
Euro area,EMU,"Population, total",321324622.0,322562386.0,324141533.0,325904835.0,327702192.0,329398861.0,330939600.0,332660837.0,334290264.0,335377620.0,336171621.0,335442349.0,336183135.0,337328817.0,338486932.0,339514675.0,340509447.0,341246081.0,342065158.0,342452734.0,342913447.0,343067846.0,344519132.0
Eritrea,ERI,"Population, total",2392880.0,2461927.0,2547424.0,2653390.0,2763140.0,2831732.0,2880093.0,2926168.0,3005779.0,3083888.0,3147727.0,3207570.0,3252596.0,3296367.0,3323425.0,3340006.0,3365287.0,3396933.0,3445374.0,3498818.0,3555868.0,3620312.0,3684032.0
Spain,ESP,"Population, total",40567864.0,40850412.0,41431558.0,42187645.0,42921895.0,43653155.0,44397319.0,45226803.0,45954106.0,46362946.0,46576897.0,46742697.0,46773055.0,46620045.0,46480882.0,46444832.0,46484062.0,46593236.0,46797754.0,47134837.0,47365655.0,47415750.0,47615034.0
Estonia,EST,"Population, total",1396985.0,1388115.0,1379350.0,1370720.0,1362550.0,1354775.0,1346810.0,1340680.0,1337090.0,1334515.0,1331475.0,1327439.0,1322696.0,1317997.0,1314545.0,1315407.0,1315790.0,1317384.0,1321977.0,1326898.0,1329522.0,1330932.0,1344768.0
Ethiopia,ETH,"Population, total",67031867.0,69018932.0,71073215.0,73168838.0,75301026.0,77469940.0,79691050.0,81996185.0,84357105.0,86755585.0,89237791.0,91817929.0,94451280.0,97084366.0,99746766.0,102471895.0,105293228.0,108197950.0,111129438.0,114120594.0,117190911.0,120283026.0,123379924.0
European Union,EUU,"Population, total",429342455.0,429910140.0,430898141.0,432434810.0,434059923.0,435600393.0,437014860.0,438484072.0,439892213.0,440934530.0,441552554.0,440769682.0,441419873.0,442496175.0,443601373.0,444570054.0,445515422.0,446215182.0,447001100.0,447367191.0,447692315.0,447179800.0,447956050.0
Fragile and conflict affected situations,FCS,"Population, total",612628069.0,626414685.0,641818620.0,658026690.0,674005044.0,690401342.0,707149927.0,723853346.0,741306396.0,759795159.0,778717407.0,797785010.0,817412582.0,837410155.0,857018106.0,876436311.0,896272698.0,916427867.0,936721531.0,957785553.0,979763631.0,1001814433.0,1019139254.0
Finland,FIN,"Population, total",5176209.0,5188008.0,5200598.0,5213014.0,5228172.0,5246096.0,5266268.0,5288720.0,5313399.0,5338871.0,5363352.0,5388272.0,5413971.0,5438972.0,5461512.0,5479531.0,5495303.0,5508214.0,5515525.0,5521606.0,5529543.0,5541017.0,5556880.0
Fiji,FJI,"Population, total",832509.0,841320.0,849891.0,858306.0,866694.0,874923.0,883083.0,890648.0,896731.0,901383.0,905169.0,908355.0,911059.0,913453.0,915560.0,917200.0,918371.0,919019.0,918996.0,918465.0,920422.0,924610.0,929766.0
France,FRA,"Population, total",60921384.0,61367388.0,61816234.0,62256970.0,62716306.0,63188395.0,63628261.0,64021737.0,64379696.0,64710879.0,65030575.0,65345233.0,65662240.0,66002289.0,66312067.0,66548272.0,66724104.0,66918020.0,67158348.0,67388001.0,67571107.0,67749632.0,67935660.0
Faroe Islands,FRO,"Population, total",45660.0,46245.0,46813.0,47392.0,47989.0,48291.0,48313.0,48361.0,48411.0,48429.0,48410.0,48386.0,48392.0,48418.0,48465.0,48816.0,49500.0,50230.0,50955.0,51681.0,52415.0,52889.0,53090.0
"Micronesia, Fed. Sts.",FSM,"Population, total",111709.0,111948.0,111992.0,111805.0,111438.0,110940.0,110301.0,109532.0,108704.0,107868.0,107588.0,107887.0,108232.0,108609.0,109024.0,109462.0,109925.0,110430.0,110929.0,111379.0,112106.0,113131.0,114164.0
Gabon,GAB,"Population, total",1272935.0,1306590.0,1341696.0,1378398.0,1417110.0,1458353.0,1502534.0,1549774.0,1599978.0,1653542.0,1711105.0,1772500.0,1836705.0,1902226.0,1966855.0,2028517.0,2086206.0,2140215.0,2192012.0,2242785.0,2292573.0,2341179.0,2388992.0
United Kingdom,GBR,"Population, total",58892514.0,59119673.0,59370479.0,59647577.0,59987905.0,60401206.0,60846820.0,61322463.0,61806995.0,62276270.0,62766365.0,63258810.0,63700215.0,64128273.0,64602298.0,65116219.0,65611593.0,66058859.0,66460344.0,66836327.0,67081234.0,67026300.0,66971411.0
Georgia,GEO,"Population, total",4077131.0,4014373.0,3978515.0,3951736.0,3927340.0,3902469.0,3880347.0,3860158.0,3848449.0,3814419.0,3786695.0,3756441.0,3728874.0,3717668.0,3719414.0,3725276.0,3727505.0,3728004.0,3726549.0,3720161.0,3722716.0,3708610.0,3712502.0
Ghana,GHA,"Population, total",19665502.0,20195577.0,20758326.0,21329514.0,21906444.0,22496951.0,23098586.0,23708320.0,24326087.0,24950762.0,25574719.0,26205941.0,26858762.0,27525597.0,28196358.0,28870939.0,29554303.0,30222262.0,30870641.0,31522290.0,32180401.0,32833031.0,33475870.0
Gibraltar,GIB,"Population, total",27741.0,27721.0,27892.0,28301.0,28716.0,29155.0,29587.0,29996.0,30398.0,30819.0,31262.0,31701.0,32160.0,32411.0,32452.0,32520.0,32565.0,32602.0,32648.0,32685.0,32709.0,32669.0,32649.0
Guinea,GIN,"Population, total",8336967.0,8445717.0,8577790.0,8772254.0,8961039.0,9140114.0,9330625.0,9547082.0,9779785.0,10021323.0,10270728.0,10527712.0,10788692.0,11055430.0,11333365.0,11625998.0,11930985.0,12240789.0,12554864.0,12877539.0,13205153.0,13531906.0,13859341.0
"Gambia, The",GMB,"Population, total",1437539.0,1479449.0,1522223.0,1566257.0,1612225.0,1660368.0,1711294.0,1764883.0,1820542.0,1878119.0,1937275.0,1998212.0,2061014.0,2124869.0,2189019.0,2253133.0,2317206.0,2381182.0,2444916.0,2508883.0,2573995.0,2639916.0,2705992.0
Guinea-Bissau,GNB,"Population, total",1230849.0,1257380.0,1285678.0,1315653.0,1347009.0,1379713.0,1414091.0,1450572.0,1488431.0,1527196.0,1567220.0,1609017.0,1652717.0,1697753.0,1743309.0,1788919.0,1834552.0,1879826.0,1924955.0,1970457.0,2015828.0,2060721.0,2105566.0
Equatorial Guinea,GNQ,"Population, total",684977.0,719270.0,754115.0,789681.0,826355.0,864726.0,905418.0,948814.0,994971.0,1043686.0,1094524.0,1144588.0,1193636.0,1243941.0,1295183.0,1346973.0,1398927.0,1450694.0,1502091.0,1553031.0,1596049.0,1634466.0,1674908.0
Greece,GRC,"Population, total",10805808.0,10862132.0,10902022.0,10928070.0,10955141.0,10987314.0,11020362.0,11048473.0,11077841.0,11107017.0,11121341.0,11104899.0,11045011.0,10965211.0,10892413.0,10820883.0,10775971.0,10754679.0,10732882.0,10721582.0,10698599.0,10641221.0,10566531.0
Grenada,GRD,"Population, total",107432.0,107936.0,108231.0,108740.0,109516.0,110254.0,110988.0,111725.0,112478.0,113249.0,114039.0,114918.0,115912.0,116945.0,117972.0,118980.0,119966.0,120921.0,121838.0,122724.0,123663.0,124610.0,125438.0
Greenland,GRL,"Population, total",56200.0,56350.0,56609.0,56765.0,56911.0,56935.0,56774.0,56555.0,56328.0,56323.0,56905.0,56890.0,56810.0,56483.0,56295.0,56114.0,56186.0,56172.0,56023.0,56225.0,56367.0,56653.0,56661.0
Guatemala,GTM,"Population, total",11589761.0,11871565.0,12147518.0,12415334.0,12682108.0,12948292.0,13213330.0,13477017.0,13739299.0,14000190.0,14259687.0,14521515.0,14781942.0,15043981.0,15306316.0,15567419.0,15827690.0,16087418.0,16346950.0,16604026.0,16858333.0,17109746.0,17357886.0
Guam,GUM,"Population, total",160188.0,161524.0,162563.0,163385.0,164004.0,164430.0,164675.0,164763.0,164725.0,164580.0,164905.0,165649.0,166392.0,167054.0,167543.0,167978.0,168346.0,168606.0,168678.0,168624.0,169231.0,170534.0,171774.0
Guyana,GUY,"Population, total",759051.0,759809.0,760323.0,760562.0,760424.0,759709.0,758367.0,756521.0,754150.0,751258.0,747932.0,744230.0,743966.0,747420.0,751115.0,755031.0,759087.0,763252.0,785514.0,798753.0,797202.0,804567.0,808726.0
High income,HIC,"Population, total",1102139639.0,1108870086.0,1115681856.0,1122515138.0,1129571825.0,1136981371.0,1145510251.0,1154791752.0,1164409232.0,1173066945.0,1180459116.0,1185474102.0,1192042103.0,1198818424.0,1205686277.0,1212444178.0,1219354936.0,1225545879.0,1231512170.0,1236715327.0,1241726323.0,1241269526.0,1244899026.0
"Hong Kong SAR, China",HKG,"Population, total",6665000.0,6714300.0,6744100.0,6730800.0,6783500.0,6813200.0,6857100.0,6916300.0,6957800.0,6972800.0,7024200.0,7071600.0,7150100.0,7178900.0,7229500.0,7291300.0,7336600.0,7393200.0,7452600.0,7507900.0,7481000.0,7413100.0,7346100.0
Honduras,HND,"Population, total",6656725.0,6837861.0,7019908.0,7201881.0,7383407.0,7564613.0,7745200.0,7924462.0,8101777.0,8277302.0,8450933.0,8622504.0,8792367.0,8960657.0,9127846.0,9294505.0,9460798.0,9626842.0,9792850.0,9958829.0,10121763.0,10278345.0,10432860.0
Heavily indebted poor countries (HIPC),HPC,"Population, total",475127894.0,488040621.0,502494432.0,517663749.0,532571131.0,547936900.0,563930944.0,579864063.0,596301357.0,613535903.0,630953183.0,648927117.0,667520863.0,686620331.0,706617213.0,727129254.0,748356635.0,770390212.0,792615894.0,815100831.0,838066650.0,861156745.0,884288332.0
Croatia,HRV,"Population, total",4468302.0,4299642.0,4302174.0,4303399.0,4304600.0,4310145.0,4311159.0,4310217.0,4309705.0,4305181.0,4295427.0,4280622.0,4267558.0,4255689.0,4238389.0,4203604.0,4174349.0,4124531.0,4087843.0,4065253.0,4047680.0,3879000.0,3854000.0
Haiti,HTI,"Population, total",8360225.0,8511728.0,8661546.0,8812245.0,8961489.0,9111900.0,9266288.0,9420826.0,9575247.0,9730638.0,9842880.0,9954312.0,10108539.0,10261206.0,10412740.0,10563757.0,10713849.0,10863543.0,11012421.0,11160438.0,11306801.0,11447569.0,11584996.0
Hungary,HUN,"Population, total",10210971.0,10187576.0,10158608.0,10129552.0,10107146.0,10087065.0,10071370.0,10055780.0,10038188.0,10022650.0,10000023.0,9971727.0,9920362.0,9893082.0,9866468.0,9843028.0,9814023.0,9787966.0,9775564.0,9771141.0,9750149.0,9709891.0,9683505.0
IBRD only,IBD,"Population, total",3980362565.0,4027427875.0,4073344085.0,4118689510.0,4164013241.0,4208938572.0,4252600296.0,4295135714.0,4338335015.0,4382233995.0,4425837971.0,4471134545.0,4519075289.0,4568406106.0,4617515110.0,4665080901.0,4710745609.0,4755029370.0,4795958028.0,4833831131.0,4867842440.0,4895306842.0,4914355242.0
IDA & IBRD total,IBT,"Population, total",5093905754.0,5168706338.0,5243283354.0,5317576423.0,5391795246.0,5465994258.0,5539726956.0,5612900975.0,5686803916.0,5762172064.0,5838773450.0,5917666583.0,5998533722.0,6079930346.0,6161220418.0,6241658900.0,6321546801.0,6401430493.0,6479097568.0,6554880543.0,6628068247.0,6695340280.0,6754326592.0
IDA total,IDA,"Population, total",1113543189.0,1141278463.0,1169939269.0,1198886913.0,1227782005.0,1257055686.0,1287126660.0,1317765261.0,1348468901.0,1379938069.0,1412935479.0,1446532038.0,1479458433.0,1511524240.0,1543705308.0,1576577999.0,1610801192.0,1646401123.0,1683139540.0,1721049412.0,1760225807.0,1800033438.0,1839971350.0
IDA blend,IDB,"Population, total",370910722.0,381142622.0,390704440.0,399995493.0,409622323.0,419337831.0,429250772.0,439576756.0,450269469.0,461410153.0,473204510.0,484919898.0,495868522.0,506443358.0,516900084.0,527175885.0,537358412.0,547984961.0,559155599.0,570633332.0,582637127.0,595016031.0,607735968.0
Indonesia,IDN,"Population, total",214072421.0,217112437.0,220115092.0,223080121.0,225938595.0,228805144.0,231797427.0,234858289.0,237936543.0,240981299.0,244016173.0,247099697.0,250222695.0,253275918.0,256229761.0,259091970.0,261850182.0,264498852.0,267066843.0,269582878.0,271857970.0,273753191.0,275501339.0
IDA only,IDX,"Population, total",742632467.0,760135841.0,779234829.0,798891420.0,818159682.0,837717855.0,857875888.0,878188505.0,898199432.0,918527916.0,939730969.0,961612140.0,983589911.0,1005080882.0,1026805224.0,1049402114.0,1073442780.0,1098416162.0,1123983941.0,1150416080.0,1177588680.0,1205017407.0,1232235382.0
Isle of Man,IMN,"Population, total",75562.0,76398.0,77183.0,77939.0,78677.0,79415.0,80228.0,81100.0,81997.0,82915.0,83828.0,84350.0,84338.0,84144.0,83896.0,83593.0,83450.0,83580.0,83775.0,83933.0,84046.0,84263.0,84519.0
India,IND,"Population, total",1059633675.0,1078970907.0,1098313039.0,1117415123.0,1136264583.0,1154638713.0,1172373788.0,1189691809.0,1206734806.0,1223640160.0,1240613620.0,1257621191.0,1274487215.0,1291132063.0,1307246509.0,1322866505.0,1338636340.0,1354195680.0,1369003306.0,1383112050.0,1396387127.0,1407563842.0,1417173173.0
Not classified,INX,"Population, total",,,,,,,,,,,,,,,,,,,,,,,
Ireland,IRL,"Population, total",3805174.0,3866243.0,3931947.0,3996521.0,4070262.0,4159914.0,4273591.0,4398942.0,4489544.0,4535375.0,4560155.0,4580084.0,4599533.0,4623816.0,4657740.0,4701957.0,4755335.0,4807388.0,4867316.0,4934340.0,4985382.0,5033165.0,5086988.0
"Iran, Islamic Rep.",IRN,"Population, total",65544383.0,66674851.0,67327117.0,67954699.0,69061674.0,70182594.0,71275760.0,72319418.0,73318394.0,74322685.0,75373855.0,76342971.0,77324451.0,78458928.0,79961672.0,81790841.0,83306231.0,84505076.0,85617562.0,86564202.0,87290193.0,87923432.0,88550570.0
Iraq,IRQ,"Population, total",24628858.0,25425663.0,26255343.0,27068823.0,27858948.0,28698684.0,28905607.0,28660887.0,29218381.0,30289040.0,31264875.0,32378061.0,33864447.0,35481800.0,36746488.0,37757813.0,38697943.0,39621162.0,40590700.0,41563520.0,42556984.0,43533592.0,44496122.0
Iceland,ISL,"Population, total",281205.0,284968.0,287523.0,289521.0,292074.0,296734.0,303782.0,311566.0,317414.0,318499.0,318041.0,319014.0,320716.0,323764.0,327386.0,330815.0,335439.0,343400.0,352721.0,360563.0,366463.0,372520.0,381900.0
Israel,ISR,"Population, total",6289000.0,6439000.0,6570000.0,6689700.0,6809000.0,6930100.0,7053700.0,7180100.0,7308800.0,7485600.0,7623600.0,7765800.0,7910500.0,8059500.0,8215700.0,8380100.0,8546000.0,8713300.0,8882800.0,9054000.0,9215100.0,9364700.0,9550600.0
Italy,ITA,"Population, total",56942108.0,56974100.0,57059007.0,57313203.0,57685327.0,57969484.0,58143979.0,58438310.0,58826731.0,59095365.0,59277417.0,59379449.0,59539717.0,60233948.0,60789140.0,60730582.0,60627498.0,60536709.0,60421760.0,59729081.0,59438851.0,59109668.0,58856847.0
Jamaica,JAM,"Population, total",2612205.0,2625405.0,2638244.0,2651027.0,2664024.0,2676863.0,2689660.0,2701221.0,2711373.0,2722401.0,2733896.0,2746169.0,2759817.0,2773129.0,2784543.0,2794445.0,2802695.0,2808376.0,2811835.0,2813773.0,2820436.0,2827695.0,2827377.0
Jordan,JOR,"Population, total",5056174.0,5163310.0,5275532.0,5396117.0,5532423.0,5678534.0,6075548.0,6473457.0,6632873.0,6780493.0,6931258.0,7109980.0,7211863.0,7694814.0,8658026.0,9494246.0,9964656.0,10215381.0,10459865.0,10698683.0,10928721.0,11148278.0,11285869.0
Japan,JPN,"Population, total",126843000.0,127149000.0,127445000.0,127718000.0,127761000.0,127773000.0,127854000.0,128001000.0,128063000.0,128047000.0,128070000.0,127833000.0,127629000.0,127445000.0,127276000.0,127141000.0,127076000.0,126972000.0,126811000.0,126633000.0,126261000.0,125681593.0,125124989.0
Kazakhstan,KAZ,"Population, total",14883626.0,14858335.0,14858948.0,14909019.0,15012984.0,15147029.0,15308085.0,15484192.0,15776938.0,16092822.0,16321872.0,16557202.0,16792090.0,17035551.0,17288285.0,17542806.0,17794055.0,18037776.0,18276452.0,18513673.0,18755666.0,19000988.0,19621972.0
Kenya,KEN,"Population, total",30851606.0,31800343.0,32779823.0,33767122.0,34791836.0,35843010.0,36925253.0,38036793.0,39186895.0,40364444.0,41517895.0,42635144.0,43725806.0,44792368.0,45831863.0,46851488.0,47894670.0,48948137.0,49953304.0,50951450.0,51985780.0,53005614.0,54027487.0
Kyrgyz Republic,KGZ,"Population, total",4898400.0,4945100.0,4990700.0,5043300.0,5104700.0,5162600.0,5218400.0,5268400.0,5318700.0,5383300.0,5447900.0,5514600.0,5607200.0,5719600.0,5835500.0,5956900.0,6079500.0,6198200.0,6322800.0,6456200.0,6579900.0,6691800.0,6803300.0
Cambodia,KHM,"Population, total",12118841.0,12338192.0,12561779.0,12787710.0,13016371.0,13246583.0,13477779.0,13714791.0,13943888.0,14155740.0,14363532.0,14573885.0,14786640.0,14999683.0,15210817.0,15417523.0,15624584.0,15830689.0,16025238.0,16207746.0,16396860.0,16589023.0,16767842.0
Kiribati,KIR,"Population, total",88826.0,90531.0,92400.0,94302.0,96224.0,98164.0,100083.0,101998.0,103966.0,105996.0,107995.0,109871.0,111618.0,113311.0,114985.0,116707.0,118513.0,120362.0,122261.0,124241.0,126463.0,128874.0,131232.0
St. Kitts and Nevis,KNA,"Population, total",45461.0,45986.0,46264.0,46431.0,46580.0,46725.0,46874.0,47015.0,47156.0,47286.0,47403.0,47581.0,47727.0,47767.0,47789.0,47790.0,47788.0,47785.0,47761.0,47712.0,47642.0,47606.0,47657.0
"Korea, Rep.",KOR,"Population, total",47008111.0,47370164.0,47644736.0,47892330.0,48082519.0,48184561.0,48438292.0,48683638.0,49054708.0,49307835.0,49554112.0,49936638.0,50199853.0,50428893.0,50746659.0,51014947.0,51217803.0,51361911.0,51585058.0,51764822.0,51836239.0,51744876.0,51628117.0
Kuwait,KWT,"Population, total",1934901.0,1991674.0,2047364.0,2101506.0,2153481.0,2235403.0,2363409.0,2506769.0,2650930.0,2795550.0,2943356.0,3143825.0,3394663.0,3646518.0,3761584.0,3908743.0,4048085.0,4124904.0,4317185.0,4441100.0,4360444.0,4250114.0,4268873.0
Latin America & Caribbean (excluding high income),LAC,"Population, total",468125382.0,474817217.0,481353718.0,487688819.0,493917791.0,500076606.0,506094784.0,511989821.0,517759389.0,523473668.0,528978305.0,535014773.0,541048298.0,546954103.0,552781789.0,558562792.0,564377885.0,570381211.0,576620516.0,582701622.0,588011178.0,592503434.0,596596955.0
Lao PDR,LAO,"Population, total",5430853.0,5519707.0,5606101.0,5689065.0,5768167.0,5852970.0,5946593.0,6041348.0,6135861.0,6229930.0,6323418.0,6416327.0,6508803.0,6600742.0,6691454.0,6787419.0,6891363.0,6997917.0,7105006.0,7212053.0,7319399.0,7425057.0,7529475.0
Lebanon,LBN,"Population, total",4320642.0,4389200.0,4446666.0,4504807.0,4574797.0,4643044.0,4719864.0,4809608.0,4887613.0,4951135.0,4995800.0,5045056.0,5178337.0,5678851.0,6274342.0,6398940.0,6258619.0,6109252.0,5950839.0,5781907.0,5662923.0,5592631.0,5489739.0
Liberia,LBR,"Population, total",2895224.0,2981648.0,3060599.0,3085173.0,3122447.0,3266318.0,3455397.0,3632740.0,3783887.0,3905066.0,4019956.0,4181150.0,4331740.0,4427313.0,4519398.0,4612329.0,4706097.0,4796631.0,4889391.0,4985289.0,5087584.0,5193416.0,5302681.0
Libya,LBY,"Population, total",5154790.0,5275916.0,5405326.0,5542641.0,5687563.0,5837986.0,5973369.0,6097177.0,6228370.0,6360191.0,6491988.0,6188132.0,5869870.0,5985221.0,6097764.0,6192235.0,6282196.0,6378261.0,6477793.0,6569088.0,6653942.0,6735277.0,6812341.0
St. Lucia,LCA,"Population, total",159500.0,160594.0,161799.0,163047.0,164239.0,165386.0,166470.0,167518.0,168576.0,169688.0,170935.0,172145.0,173124.0,173978.0,174804.0,175623.0,176413.0,177163.0,177888.0,178583.0,179237.0,179651.0,179857.0
Latin America & Caribbean,LCN,"Population, total",521281149.0,528688278.0,535935546.0,542976557.0,549897638.0,556739532.0,563424119.0,569972223.0,576386180.0,582738079.0,588873862.0,595510008.0,602139396.0,608642242.0,615046755.0,621390109.0,627668470.0,633797190.0,639628226.0,645295804.0,650534986.0,654980808.0,659311105.0
Least developed countries: UN classification,LDC,"Population, total",662018171.0,678096204.0,695718323.0,713914587.0,731736892.0,749852827.0,768211301.0,786317083.0,804637337.0,823699833.0,843512714.0,864134636.0,885375140.0,907133963.0,929398042.0,951928215.0,975265947.0,999288864.0,1023493788.0,1048193552.0,1073743450.0,1099568566.0,1125179454.0
Low income,LIC,"Population, total",382593480.0,392924294.0,404771898.0,417212831.0,429354375.0,441886612.0,455313027.0,469010772.0,482640782.0,496609143.0,510897321.0,525506329.0,540002626.0,553835758.0,567702296.0,582173028.0,597683499.0,613946858.0,630865826.0,648755452.0,667053670.0,685250041.0,703727949.0
Liechtenstein,LIE,"Population, total",33026.0,33376.0,33693.0,34000.0,34300.0,34603.0,34889.0,35150.0,35401.0,35675.0,35926.0,36189.0,36505.0,36806.0,37096.0,37355.0,37609.0,37889.0,38181.0,38482.0,38756.0,39039.0,39327.0
Sri Lanka,LKA,"Population, total",18776371.0,18920275.0,19110707.0,19303180.0,19490431.0,19673866.0,19870706.0,20078655.0,20285643.0,20482477.0,20668557.0,20859743.0,21017147.0,21131756.0,21239457.0,21336697.0,21425494.0,21506813.0,21670000.0,21803000.0,21919000.0,22156000.0,22181000.0
Lower middle income,LMC,"Population, total",2259879800.0,2303146181.0,2345451008.0,2387347922.0,2429871397.0,2471959522.0,2513577643.0,2555229019.0,2596637908.0,2638537324.0,2681991417.0,2726052485.0,2769675465.0,2813932332.0,2858673420.0,2902878488.0,2946639176.0,2990172548.0,3033153113.0,3075311775.0,3117225754.0,3157350729.0,3190012599.0
Low & middle income,LMY,"Population, total",5017754094.0,5092597797.0,5167128185.0,5241165329.0,5315125594.0,5389050292.0,5462498035.0,5535561492.0,5609366954.0,5684454948.0,5760864582.0,5839424336.0,5919975340.0,6001075136.0,6082090949.0,6162303969.0,6242060481.0,6322111391.0,6400438789.0,6476995208.0,6550746999.0,6618691904.0,6677948824.0
Lesotho,LSO,"Population, total",1998630.0,1999473.0,1997534.0,1993030.0,1985384.0,1977424.0,1976780.0,1983465.0,1995014.0,2009169.0,2022747.0,2037677.0,2054718.0,2073939.0,2095242.0,2118521.0,2143872.0,2170617.0,2198017.0,2225702.0,2254100.0,2281454.0,2305825.0
Late-demographic dividend,LTE,"Population, total",2046026051.0,2060709239.0,2074581734.0,2088091467.0,2101411095.0,2114895075.0,2128519993.0,2142132712.0,2156046215.0,2169857353.0,2182768187.0,2196512073.0,2212381413.0,2228485037.0,2244043359.0,2258406242.0,2272340223.0,2286627723.0,2298987594.0,2309491804.0,2317278934.0,2321865172.0,2325466354.0
Lithuania,LTU,"Population, total",3499536.0,3470818.0,3443067.0,3415213.0,3377075.0,3322528.0,3269909.0,3231294.0,3198231.0,3162916.0,3097282.0,3028115.0,2987773.0,2957689.0,2932367.0,2904910.0,2868231.0,2828403.0,2801543.0,2794137.0,2794885.0,2800839.0,2833000.0
Luxembourg,LUX,"Population, total",436300.0,441525.0,446175.0,451630.0,458095.0,465158.0,472637.0,479993.0,488650.0,497783.0,506953.0,518347.0,530946.0,543360.0,556319.0,569604.0,582014.0,596336.0,607950.0,620001.0,630419.0,640064.0,650774.0
Latvia,LVA,"Population, total",2367550.0,2337170.0,2310173.0,2287955.0,2263122.0,2238799.0,2218357.0,2200325.0,2177322.0,2141669.0,2097555.0,2059709.0,2034319.0,2012647.0,1993782.0,1977527.0,1959537.0,1942248.0,1927174.0,1913822.0,1900449.0,1884490.0,1883379.0
"Macao SAR, China",MAC,"Population, total",431896.0,439122.0,449665.0,462533.0,475529.0,488619.0,501863.0,515330.0,529038.0,543021.0,557297.0,571003.0,582766.0,593374.0,604167.0,615239.0,626688.0,638609.0,650991.0,663653.0,676283.0,686607.0,695168.0
St. Martin (French part),MAF,"Population, total",29610.0,30387.0,31160.0,31929.0,32697.0,33452.0,34183.0,34887.0,35541.0,36132.0,36458.0,36350.0,36026.0,35639.0,35261.0,35020.0,34811.0,34496.0,33852.0,33121.0,32553.0,31948.0,31791.0
Morocco,MAR,"Population, total",28554415.0,28930097.0,29301817.0,29661270.0,30033125.0,30431902.0,30833022.0,31232633.0,31634992.0,32042877.0,32464865.0,32903699.0,33352169.0,33803527.0,34248603.0,34680458.0,35107264.0,35528115.0,35927511.0,36304408.0,36688772.0,37076584.0,37457971.0
Monaco,MCO,"Population, total",32465.0,32444.0,32386.0,32316.0,32236.0,32141.0,32011.0,31823.0,31862.0,32401.0,33178.0,33945.0,34700.0,35425.0,36110.0,36760.0,37071.0,37044.0,37029.0,37034.0,36922.0,36686.0,36469.0
Moldova,MDA,"Population, total",2924668.0,2918135.0,2911385.0,2903198.0,2896023.0,2888985.0,2880967.0,2874299.0,2868833.0,2865213.0,2862354.0,2860699.0,2860324.0,2859558.0,2857815.0,2835978.0,2803186.0,2755189.0,2707203.0,2664224.0,2635130.0,2615199.0,2592477.0
Madagascar,MDG,"Population, total",16216431.0,16709665.0,17211934.0,17724310.0,18250774.0,18792171.0,19350299.0,19924958.0,20513599.0,21117092.0,21731053.0,22348158.0,22966240.0,23588073.0,24215976.0,24850912.0,25501941.0,26169542.0,26846541.0,27533134.0,28225177.0,28915653.0,29611714.0
Maldives,MDV,"Population, total",282507.0,287324.0,292284.0,297226.0,302135.0,307018.0,314401.0,325126.0,336883.0,349037.0,361575.0,374440.0,387539.0,400728.0,416738.0,435582.0,454252.0,472442.0,489758.0,504508.0,514438.0,521457.0,523787.0
Middle East & North Africa,MEA,"Population, total",321037453.0,327691655.0,333949565.0,340215354.0,347044925.0,354462370.0,362633997.0,371324802.0,380294099.0,389332369.0,397997557.0,406045323.0,414117603.0,422790409.0,431664579.0,440506473.0,448917409.0,456885486.0,465073490.0,473201775.0,479966649.0,486168063.0,493264873.0
Mexico,MEX,"Population, total",97873442.0,99394288.0,100917081.0,102429341.0,103945813.0,105442402.0,106886790.0,108302973.0,109684489.0,111049428.0,112532401.0,114150481.0,115755909.0,117290686.0,118755887.0,120149897.0,121519221.0,122839258.0,124013861.0,125085311.0,125998302.0,126705138.0,127504125.0
Marshall Islands,MHL,"Population, total",54224.0,54413.0,54496.0,54493.0,54435.0,54337.0,54208.0,54038.0,53816.0,53593.0,53416.0,52971.0,52203.0,51352.0,50419.0,49410.0,48329.0,47187.0,45989.0,44728.0,43413.0,42050.0,41569.0
Middle income,MIC,"Population, total",4635160614.0,4699673503.0,4762356287.0,4823952498.0,4885771219.0,4947163680.0,5007185008.0,5066550720.0,5126726172.0,5187845805.0,5249967261.0,5313918007.0,5379972714.0,5447239378.0,5514388653.0,5580130941.0,5644376982.0,5708164533.0,5769572963.0,5828239756.0,5883693329.0,5933441863.0,5974220875.0
North Macedonia,MKD,"Population, total",2026350.0,2034882.0,2020157.0,2026773.0,2032544.0,2036855.0,2040228.0,2043559.0,2046898.0,2050671.0,2055004.0,2058539.0,2061044.0,2064032.0,2067471.0,2070226.0,2072490.0,2074502.0,2076217.0,2076694.0,2072531.0,2065092.0,2057679.0
Mali,MLI,"Population, total",11239101.0,11583824.0,11952660.0,12342165.0,12751995.0,13180551.0,13623541.0,14080912.0,14551117.0,15032635.0,15529181.0,16039734.0,16514687.0,17004033.0,17551814.0,18112907.0,18700106.0,19311355.0,19934298.0,20567424.0,21224040.0,21904983.0,22593590.0
Malta,MLT,"Population, total",390087.0,393028.0,395969.0,398582.0,401268.0,403834.0,405308.0,406724.0,409379.0,412477.0,414508.0,416268.0,420028.0,425967.0,434558.0,445053.0,455356.0,467999.0,484630.0,504062.0,515332.0,518536.0,523417.0
Myanmar,MMR,"Population, total",45538332.0,46014826.0,46480230.0,46924293.0,47338446.0,47724471.0,48088274.0,48445647.0,48729486.0,49015836.0,49390988.0,49794522.0,50218185.0,50648334.0,51072436.0,51483949.0,51892349.0,52288341.0,52666014.0,53040212.0,53423198.0,53798084.0,54179306.0
Middle East & North Africa (excluding high income),MNA,"Population, total",283899110.0,289544085.0,294813993.0,300102895.0,305945780.0,311948573.0,317983066.0,324080392.0,330293304.0,336675037.0,343313330.0,349770162.0,356239722.0,363310225.0,370756356.0,378137339.0,385054538.0,391607422.0,398375344.0,405259403.0,411810124.0,418047201.0,424328381.0
Montenegro,MNE,"Population, total",604950.0,607389.0,609828.0,612267.0,613353.0,614261.0,615025.0,615875.0,616969.0,618294.0,619428.0,620079.0,620601.0,621207.0,621810.0,622159.0,622303.0,622373.0,622227.0,622028.0,621306.0,619211.0,616159.0
Mongolia,MNG,"Population, total",2450979.0,2472601.0,2494617.0,2516454.0,2537949.0,2559255.0,2581242.0,2605643.0,2633887.0,2666713.0,2702520.0,2743938.0,2792349.0,2845153.0,2902823.0,2964749.0,3029555.0,3096030.0,3163991.0,3232430.0,3294335.0,3347782.0,3398366.0
Northern Mariana Islands,MNP,"Population, total",80338.0,79479.0,77162.0,74623.0,71898.0,69025.0,66060.0,63050.0,60032.0,57056.0,54087.0,52520.0,52359.0,52141.0,51856.0,51514.0,51133.0,50729.0,50304.0,49858.0,49587.0,49481.0,49551.0
Mozambique,MOZ,"Population, total",17768505.0,18220716.0,18694946.0,19186754.0,19694411.0,20211114.0,20735982.0,21280513.0,21845571.0,22436660.0,23073723.0,23760421.0,24487611.0,25251731.0,26038704.0,26843246.0,27696493.0,28569441.0,29423878.0,30285595.0,31178239.0,32077072.0,32969518.0
Mauritania,MRT,"Population, total",2695003.0,2761823.0,2821703.0,2883326.0,2946575.0,3012360.0,3081229.0,3153508.0,3233336.0,3322616.0,3419461.0,3524249.0,3636113.0,3742959.0,3843174.0,3946220.0,4051890.0,4160015.0,4270712.0,4383849.0,4498604.0,4614974.0,4736139.0
Mauritius,MUS,"Population, total",1186873.0,1196287.0,1204621.0,1213370.0,1221003.0,1228254.0,1233996.0,1239630.0,1244121.0,1247429.0,1250400.0,1252404.0,1255882.0,1258927.0,1261208.0,1262879.0,1263747.0,1264887.0,1265577.0,1265985.0,1266014.0,1266334.0,1262523.0
Malawi,MWI,"Population, total",11229387.0,11498818.0,11784498.0,12087965.0,12411342.0,12755648.0,13118307.0,13495463.0,13889423.0,14298932.0,14718422.0,15146094.0,15581251.0,16024775.0,16477966.0,16938942.0,17405624.0,17881167.0,18367883.0,18867337.0,19377061.0,19889742.0,20405317.0
Malaysia,MYS,"Population, total",22945150.0,23542517.0,24142445.0,24739411.0,25333247.0,25923536.0,26509413.0,27092604.0,27664296.0,28217204.0,28717731.0,29184133.0,29660212.0,30134807.0,30606459.0,31068833.0,31526418.0,31975806.0,32399271.0,32804020.0,33199993.0,33573874.0,33938221.0
North America,NAC,"Population, total",312909974.0,316052361.0,319048184.0,321815286.0,324809693.0,327824506.0,331015609.0,334185120.0,337406357.0,340466060.0,343397156.0,345987373.0,348656682.0,351207902.0,353888902.0,356507139.0,359245796.0,361731237.0,363967201.0,365995094.0,369582571.0,370321816.0,372280991.0
Namibia,NAM,"Population, total",1819141.0,1856402.0,1888525.0,1915425.0,1939406.0,1962865.0,1986558.0,2011492.0,2038552.0,2067919.0,2099271.0,2132340.0,2167470.0,2204510.0,2243001.0,2282704.0,2323352.0,2364534.0,2405680.0,2446644.0,2489098.0,2530151.0,2567012.0
New Caledonia,NCL,"Population, total",213230.0,217324.0,221490.0,225296.0,228750.0,232250.0,235750.0,239250.0,242750.0,245950.0,249750.0,254350.0,259000.0,263650.0,268050.0,269460.0,270220.0,270810.0,271170.0,271240.0,272460.0,274660.0,276780.0
Niger,NER,"Population, total",11622665.0,12031430.0,12456517.0,12900790.0,13366885.0,13855221.0,14365168.0,14897873.0,15455175.0,16037915.0,16647543.0,17283112.0,17954407.0,18653199.0,19372014.0,20128124.0,20921743.0,21737922.0,22577058.0,23443393.0,24333639.0,25252722.0,26207977.0
Nigeria,NGA,"Population, total",122851984.0,126152678.0,129583026.0,133119801.0,136756848.0,140490722.0,144329764.0,148294028.0,152382506.0,156595758.0,160952853.0,165463745.0,170075932.0,174726123.0,179379016.0,183995785.0,188666931.0,193495907.0,198387623.0,203304492.0,208327405.0,213401323.0,218541212.0
Nicaragua,NIC,"Population, total",5123222.0,5192764.0,5259006.0,5323062.0,5386223.0,5454678.0,5529811.0,5607453.0,5687744.0,5770639.0,5855734.0,5942553.0,6030607.0,6119379.0,6208676.0,6298598.0,6389235.0,6480532.0,6572233.0,6663924.0,6755895.0,6850540.0,6948392.0
Netherlands,NLD,"Population, total",15925513.0,16046180.0,16148929.0,16225302.0,16281779.0,16319868.0,16346101.0,16381696.0,16445593.0,16530388.0,16615394.0,16693074.0,16754962.0,16804432.0,16865008.0,16939923.0,17030314.0,17131296.0,17231624.0,17344874.0,17441500.0,17533044.0,17703090.0
Norway,NOR,"Population, total",4490967.0,4513751.0,4538159.0,4564855.0,4591910.0,4623291.0,4660677.0,4709153.0,4768212.0,4828726.0,4889252.0,4953088.0,5018573.0,5079623.0,5137232.0,5188607.0,5234519.0,5276968.0,5311916.0,5347896.0,5379475.0,5408320.0,5457127.0
Nepal,NPL,"Population, total",24559500.0,24956071.0,25332178.0,25682908.0,26003965.0,26285110.0,26518971.0,26713655.0,26881544.0,27026941.0,27161567.0,27266399.0,27330694.0,27381555.0,27462106.0,27610325.0,27861186.0,28183426.0,28506712.0,28832496.0,29348627.0,30034989.0,30547580.0
Nauru,NRU,"Population, total",10377.0,10363.0,10351.0,10344.0,10335.0,10318.0,10294.0,10267.0,10243.0,10233.0,10241.0,10283.0,10444.0,10694.0,10940.0,11185.0,11437.0,11682.0,11924.0,12132.0,12315.0,12511.0,12668.0
New Zealand,NZL,"Population, total",3857700.0,3880500.0,3948500.0,4027200.0,4087500.0,4133900.0,4184600.0,4223800.0,4259800.0,4302600.0,4350700.0,4384000.0,4408100.0,4442100.0,4516500.0,4609400.0,4714100.0,4813600.0,4900600.0,4979200.0,5090200.0,5111400.0,5124100.0
OECD members,OED,"Population, total",1200179492.0,1209244377.0,1218395986.0,1227425785.0,1236496893.0,1245447053.0,1254649810.0,1264209610.0,1273851101.0,1282681964.0,1291001492.0,1297544164.0,1305615104.0,1314072465.0,1323005691.0,1331743060.0,1340532342.0,1348646085.0,1356241793.0,1362922537.0,1370222158.0,1372543943.0,1377613713.0
Oman,OMN,"Population, total",2344253.0,2374653.0,2403659.0,2431600.0,2468855.0,2515192.0,2560649.0,2605700.0,2651028.0,2697537.0,2881914.0,3206870.0,3535579.0,3816680.0,4009267.0,4191776.0,4398070.0,4541854.0,4601157.0,4602768.0,4543399.0,4520471.0,4576298.0
Other small states,OSS,"Population, total",21437978.0,21823886.0,22208079.0,22590088.0,22986615.0,23450481.0,24035320.0,24697686.0,25375277.0,26013714.0,26565994.0,27072916.0,27617274.0,28225790.0,28907552.0,29621042.0,30309997.0,30940313.0,31494491.0,32005477.0,32381464.0,32708277.0,33136283.0
Pakistan,PAK,"Population, total",154369924.0,159217727.0,163262807.0,166876680.0,170648620.0,174372098.0,178069984.0,181924521.0,185931955.0,190123222.0,194454498.0,198602738.0,202205861.0,205337562.0,208251628.0,210969298.0,213524840.0,216379655.0,219731479.0,223293280.0,227196741.0,231402117.0,235824862.0
Panama,PAN,"Population, total",3001731.0,3061024.0,3120990.0,3181608.0,3243311.0,3305868.0,3368573.0,3431614.0,3495276.0,3559343.0,3623617.0,3688674.0,3754862.0,3821556.0,3888793.0,3957099.0,4026336.0,4096063.0,4165255.0,4232532.0,4294396.0,4351267.0,4408581.0
Peru,PER,"Population, total",26654439.0,27014909.0,27334503.0,27623341.0,27893911.0,28147267.0,28381078.0,28600387.0,28806185.0,29009326.0,29229572.0,29477721.0,29749589.0,30038809.0,30353951.0,30711863.0,31132779.0,31605486.0,32203944.0,32824861.0,33304756.0,33715471.0,34049588.0
Philippines,PHL,"Population, total",77958223.0,79626086.0,81285572.0,82942837.0,84607501.0,86261250.0,87901835.0,89561377.0,91252326.0,92946951.0,94636700.0,96337913.0,98032317.0,99700107.0,101325201.0,103031365.0,104875266.0,106738501.0,108568836.0,110380804.0,112190977.0,113880328.0,115559009.0
Palau,PLW,"Population, total",19726.0,19828.0,19851.0,19880.0,19907.0,19831.0,19619.0,19366.0,19102.0,18826.0,18540.0,18240.0,17946.0,17805.0,17796.0,17794.0,17816.0,17837.0,17864.0,17916.0,17972.0,18024.0,18055.0
Papua New Guinea,PNG,"Population, total",5508297.0,5698489.0,5892596.0,6090980.0,6293166.0,6498818.0,6708217.0,6921066.0,7137988.0,7358890.0,7583269.0,7806637.0,8026545.0,8245627.0,8464153.0,8682174.0,8899169.0,9114796.0,9329227.0,9542486.0,9749640.0,9949437.0,10142619.0
Poland,POL,"Population, total",38258629.0,38248076.0,38230364.0,38204570.0,38182222.0,38165445.0,38141267.0,38120560.0,38125759.0,38151603.0,38042794.0,38063255.0,38063164.0,38040196.0,38011735.0,37986412.0,37970087.0,37974826.0,37974750.0,37965475.0,37899070.0,37747124.0,37561599.0
Pre-demographic dividend,PRE,"Population, total",553089230.0,568734640.0,586023563.0,604077372.0,621974508.0,640493810.0,659115651.0,677333522.0,697003893.0,718121906.0,739525992.0,761717101.0,784822780.0,808542070.0,832469778.0,856420253.0,880891473.0,905987912.0,931467165.0,957503246.0,984213438.0,1011043183.0,1038012552.0
Puerto Rico,PRI,"Population, total",3810605.0,3818774.0,3823701.0,3826095.0,3826878.0,3821362.0,3805214.0,3782995.0,3760866.0,3740410.0,3721525.0,3678732.0,3634488.0,3593077.0,3534874.0,3473232.0,3406672.0,3325286.0,3193354.0,3193694.0,3281557.0,3262693.0,3221789.0
"Korea, Dem. People's Rep.",PRK,"Population, total",23367059.0,23512522.0,23638411.0,23781707.0,23948930.0,24100982.0,24235761.0,24356506.0,24469047.0,24581509.0,24686435.0,24783789.0,24887770.0,25001819.0,25126131.0,25258015.0,25389611.0,25516321.0,25638149.0,25755441.0,25867467.0,25971909.0,26069416.0
Portugal,PRT,"Population, total",10289898.0,10362722.0,10419631.0,10458821.0,10483861.0,10503330.0,10522288.0,10542964.0,10558177.0,10568247.0,10573100.0,10557560.0,10514844.0,10457295.0,10401062.0,10358076.0,10325452.0,10300300.0,10283822.0,10286263.0,10297081.0,10325147.0,10379007.0
Paraguay,PRY,"Population, total",5123819.0,5211541.0,5286512.0,5353254.0,5416324.0,5476878.0,5534675.0,5590145.0,5645148.0,5702574.0,5768613.0,5843939.0,5923322.0,6005652.0,6090721.0,6177950.0,6266615.0,6355404.0,6443328.0,6530026.0,6618695.0,6703799.0,6780744.0
West Bank and Gaza,PSE,"Population, total",2922153.0,2997784.0,3075373.0,3154969.0,3236626.0,3320396.0,3406334.0,3494496.0,3591977.0,3689099.0,3786161.0,3882986.0,3979998.0,4076708.0,4173398.0,4270092.0,4367088.0,4454805.0,4569087.0,4685306.0,4803269.0,4922749.0,5043612.0
Pacific island small states,PSS,"Population, total",2035672.0,2064193.0,2091909.0,2119122.0,2146140.0,2172802.0,2199540.0,2226078.0,2251506.0,2276149.0,2301401.0,2327284.0,2353058.0,2379069.0,2405308.0,2431426.0,2457814.0,2484263.0,2510226.0,2536070.0,2566819.0,2602173.0,2639019.0
Post-demographic dividend,PST,"Population, total",1020793420.0,1025680403.0,1030818658.0,1035935060.0,1041241254.0,1046468599.0,1052106032.0,1058252873.0,1064631968.0,1070085408.0,1075046427.0,1077987051.0,1082488958.0,1087230525.0,1092179620.0,1097061415.0,1102020063.0,1106214534.0,1110126741.0,1113310738.0,1117424113.0,1116545246.0,1113419395.0
French Polynesia,PYF,"Population, total",250927.0,255049.0,259137.0,263173.0,267132.0,271060.0,274901.0,278178.0,280558.0,282283.0,283788.0,285265.0,286584.0,288032.0,289873.0,291787.0,293541.0,295450.0,297606.0,299717.0,301920.0,304032.0,306279.0
Qatar,QAT,"Population, total",645937.0,678831.0,713186.0,748525.0,777943.0,848710.0,1015060.0,1231893.0,1444277.0,1610274.0,1713504.0,1804171.0,1905660.0,2035501.0,2214465.0,2414573.0,2595166.0,2711755.0,2766732.0,2807235.0,2760385.0,2688235.0,2695122.0
Romania,ROU,"Population, total",22442971.0,22131970.0,21730496.0,21574326.0,21451748.0,21319685.0,21193760.0,20882982.0,20537875.0,20367487.0,20246871.0,20147528.0,20058035.0,19983693.0,19908979.0,19815616.0,19702267.0,19588715.0,19473970.0,19371648.0,19265250.0,19119880.0,18956666.0
Russian Federation,RUS,"Population, total",146596869.0,145976482.0,145306497.0,144648618.0,144067316.0,143518814.0,143049637.0,142805114.0,142742366.0,142785349.0,142849468.0,142960908.0,143201721.0,143506995.0,143819667.0,144096870.0,144342397.0,144496739.0,144477859.0,144406261.0,144073139.0,143449286.0,143555736.0
Rwanda,RWA,"Population, total",8109989.0,8223941.0,8372306.0,8567992.0,8791853.0,9026299.0,9270066.0,9523168.0,9781996.0,10043737.0,10309031.0,10576932.0,10840334.0,11101350.0,11368451.0,11642959.0,11930899.0,12230339.0,12531808.0,12835028.0,13146362.0,13461888.0,13776698.0
South Asia,SAS,"Population, total",1406945493.0,1434314654.0,1462070145.0,1489358080.0,1515703001.0,1541263909.0,1565892885.0,1589454615.0,1612709085.0,1636411632.0,1660546144.0,1684898004.0,1708706729.0,1731683901.0,1754030304.0,1775545180.0,1797072648.0,1818931519.0,1840534093.0,1861598514.0,1882531620.0,1901911604.0,1919348000.0
Saudi Arabia,SAU,"Population, total",21547390.0,22085929.0,22623415.0,23150847.0,23661808.0,24397644.0,25382870.0,26400068.0,27437353.0,28483797.0,29411929.0,30150945.0,30821543.0,31482498.0,32125564.0,32749848.0,33416270.0,34193122.0,35018133.0,35827362.0,35997107.0,35950396.0,36408820.0
Sudan,SDN,"Population, total",26298773.0,26947253.0,27570318.0,28188977.0,28831550.0,29540577.0,30332968.0,31191163.0,32065241.0,32948155.0,33739933.0,34419624.0,35159792.0,35990704.0,37003245.0,38171178.0,39377169.0,40679828.0,41999059.0,43232093.0,44440486.0,45657202.0,46874204.0
Senegal,SEN,"Population, total",9704287.0,9938027.0,10180950.0,10434504.0,10698691.0,10974057.0,11263387.0,11563869.0,11872929.0,12195029.0,12530121.0,12875880.0,13231833.0,13595566.0,13970308.0,14356181.0,14751356.0,15157793.0,15574909.0,16000781.0,16436120.0,16876720.0,17316449.0
Singapore,SGP,"Population, total",4027887.0,4138012.0,4175950.0,4114826.0,4166664.0,4265762.0,4401365.0,4588599.0,4839396.0,4987573.0,5076732.0,5183688.0,5312437.0,5399162.0,5469724.0,5535002.0,5607283.0,5612253.0,5638676.0,5703569.0,5685807.0,5453566.0,5637022.0
Solomon Islands,SLB,"Population, total",429978.0,440395.0,450760.0,461216.0,471785.0,482486.0,493430.0,504619.0,516001.0,527833.0,540394.0,553721.0,567763.0,582365.0,597375.0,612660.0,628102.0,643634.0,659249.0,674993.0,691191.0,707851.0,724273.0
Sierra Leone,SLE,"Population, total",4584067.0,4857096.0,5140113.0,5350907.0,5533329.0,5683334.0,5809774.0,5939163.0,6090860.0,6259842.0,6436698.0,6612385.0,6788587.0,6964859.0,7140688.0,7314773.0,7493913.0,7677565.0,7861281.0,8046828.0,8233970.0,8420641.0,8605718.0
El Salvador,SLV,"Population, total",5958482.0,5988095.0,6011275.0,6026849.0,6035655.0,6037817.0,6034436.0,6044131.0,6068099.0,6091188.0,6114034.0,6137349.0,6161289.0,6185642.0,6209526.0,6231066.0,6250510.0,6266654.0,6276342.0,6280217.0,6292731.0,6314167.0,6336392.0
San Marino,SMR,"Population, total",26823.0,27335.0,27969.0,28601.0,29093.0,29508.0,29959.0,30372.0,30700.0,31059.0,31608.0,32495.0,33132.0,33285.0,33389.0,33570.0,33834.0,34056.0,34156.0,34178.0,34007.0,33745.0,33660.0
Somalia,SOM,"Population, total",8721465.0,9070747.0,9411103.0,9758281.0,10117354.0,10467292.0,10784973.0,11118092.0,11444870.0,11730037.0,12026649.0,12216837.0,12440326.0,12852485.0,13309235.0,13763906.0,14292847.0,14864221.0,15411094.0,15981300.0,16537016.0,17065581.0,17597511.0
Serbia,SRB,"Population, total",7516346.0,7503433.0,7496522.0,7480591.0,7463157.0,7440769.0,7411569.0,7381579.0,7350222.0,7320807.0,7291436.0,7234099.0,7199077.0,7164132.0,7130576.0,7095383.0,7058322.0,7020858.0,6982604.0,6945235.0,6899126.0,6834326.0,6760087.0
Sub-Saharan Africa (excluding high income),SSA,"Population, total",671131355.0,689080780.0,707609717.0,726702652.0,746464327.0,766895808.0,788025400.0,809934231.0,832555779.0,855798400.0,879707649.0,904194713.0,929240350.0,955006753.0,981415249.0,1008605380.0,1036061312.0,1063789431.0,1092307211.0,1121451424.0,1151203619.0,1181063755.0,1211070124.0
South Sudan,SSD,"Population, total",6114440.0,6394431.0,6686100.0,6992367.0,7317118.0,7662654.0,8029517.0,8417823.0,8823888.0,9229227.0,9714419.0,10243050.0,10701604.0,11106031.0,11213284.0,11194299.0,11066105.0,10658226.0,10395329.0,10447666.0,10606227.0,10748272.0,10913164.0
Sub-Saharan Africa,SSF,"Population, total",671212486.0,689161982.0,707693440.0,726785433.0,746546802.0,766978666.0,788110000.0,810019264.0,832642735.0,855885698.0,879797419.0,904282154.0,929328653.0,955096702.0,981506608.0,1008698799.0,1036155989.0,1063885274.0,1092403973.0,1121549049.0,1151302081.0,1181163013.0,1211170184.0
Small states,SST,"Population, total",30055791.0,30514882.0,30971830.0,31425957.0,31893127.0,32425757.0,33079043.0,33808469.0,34550707.0,35254103.0,35871823.0,36444557.0,37059328.0,37740743.0,38493904.0,39277070.0,40033083.0,40728210.0,41379367.0,41965649.0,42393051.0,42792327.0,43280780.0
Sao Tome and Principe,STP,"Population, total",143714.0,146258.0,149841.0,153762.0,157697.0,161680.0,165725.0,169845.0,174004.0,178128.0,182138.0,186044.0,189924.0,193757.0,197497.0,201124.0,204632.0,208036.0,211344.0,214599.0,218641.0,223107.0,227380.0
Suriname,SUR,"Population, total",478998.0,487394.0,495666.0,503780.0,510572.0,516220.0,522023.0,527946.0,533938.0,539987.0,546080.0,552146.0,558111.0,563947.0,569682.0,575475.0,581453.0,587559.0,593715.0,600301.0,607065.0,612985.0,618040.0
Slovak Republic,SVK,"Population, total",5388720.0,5378867.0,5376912.0,5373374.0,5372280.0,5372807.0,5373054.0,5374622.0,5379233.0,5386406.0,5391428.0,5398384.0,5407579.0,5413393.0,5418649.0,5423801.0,5430798.0,5439232.0,5446771.0,5454147.0,5458827.0,5447247.0,5431752.0
Slovenia,SVN,"Population, total",1988925.0,1992060.0,1994530.0,1995733.0,1997012.0,2000474.0,2006868.0,2018122.0,2021316.0,2039669.0,2048583.0,2052843.0,2057159.0,2059953.0,2061980.0,2063531.0,2065042.0,2066388.0,2073894.0,2088385.0,2102419.0,2108079.0,2108732.0
Sweden,SWE,"Population, total",8872109.0,8895960.0,8924958.0,8958229.0,8993531.0,9029572.0,9080505.0,9148092.0,9219637.0,9298515.0,9378126.0,9449213.0,9519374.0,9600379.0,9696110.0,9799186.0,9923085.0,10057698.0,10175214.0,10278887.0,10353442.0,10415811.0,10486941.0
Eswatini,SWZ,"Population, total",1030496.0,1041396.0,1050809.0,1058797.0,1065764.0,1071886.0,1077735.0,1084008.0,1089870.0,1094886.0,1099920.0,1105371.0,1111444.0,1118319.0,1125865.0,1133936.0,1142524.0,1151390.0,1160428.0,1169613.0,1180655.0,1192271.0,1201670.0
Sint Maarten (Dutch part),SXM,"Population, total",30519.0,30600.0,30777.0,31472.0,32488.0,33011.0,33441.0,33811.0,33964.0,34238.0,34056.0,33435.0,34640.0,36607.0,37685.0,38825.0,39969.0,40574.0,40895.0,41608.0,42310.0,42846.0,43389.0
Seychelles,SYC,"Population, total",81131.0,81202.0,83723.0,82781.0,82475.0,82858.0,84600.0,85033.0,86956.0,87298.0,89770.0,87441.0,88303.0,89949.0,91359.0,93419.0,94677.0,95843.0,96762.0,97625.0,98462.0,99258.0,100060.0
Syrian Arab Republic,SYR,"Population, total",16307654.0,16727948.0,17164021.0,17611356.0,18084007.0,18583557.0,19432009.0,20703005.0,21474059.0,21827220.0,22337563.0,22730733.0,22605577.0,21495821.0,20072232.0,19205178.0,18964252.0,18983373.0,19333463.0,20098251.0,20772595.0,21324367.0,22125249.0
Turks and Caicos Islands,TCA,"Population, total",18744.0,19578.0,20598.0,21739.0,22869.0,23995.0,25128.0,26268.0,27422.0,28581.0,29726.0,30816.0,32081.0,33594.0,34985.0,36538.0,38246.0,39844.0,41487.0,43080.0,44276.0,45114.0,45703.0
Chad,TCD,"Population, total",8259137.0,8538804.0,8838369.0,9196366.0,9613503.0,10005012.0,10365614.0,10722731.0,11098664.0,11496128.0,11894727.0,12317730.0,12754906.0,13216766.0,13697126.0,14140274.0,14592585.0,15085884.0,15604210.0,16126866.0,16644701.0,17179740.0,17723315.0
East Asia & Pacific (IDA & IBRD countries),TEA,"Population, total",1793649873.0,1810599718.0,1826844868.0,1842469495.0,1857622964.0,1872697597.0,1887496209.0,1901960228.0,1916309337.0,1930470829.0,1944510719.0,1959494275.0,1976386829.0,1993077336.0,2009149689.0,2024511016.0,2039794828.0,2055414680.0,2068898629.0,2080648616.0,2090523535.0,2097669023.0,2103055378.0
Europe & Central Asia (IDA & IBRD countries),TEC,"Population, total",435816101.0,435418872.0,435070718.0,435154320.0,435471706.0,435872410.0,436426410.0,437109725.0,438254595.0,439878377.0,441717333.0,443770308.0,445864843.0,448331271.0,451001474.0,453701064.0,456167799.0,458170561.0,459613334.0,460994696.0,462023771.0,462283493.0,457865503.0
Togo,TGO,"Population, total",5008035.0,5145426.0,5281538.0,5421001.0,5565218.0,5711597.0,5874240.0,6047537.0,6222482.0,6398624.0,6571855.0,6748672.0,6926635.0,7106229.0,7288383.0,7473229.0,7661354.0,7852795.0,8046679.0,8243094.0,8442580.0,8644829.0,8848699.0
Thailand,THA,"Population, total",63066603.0,63649892.0,64222580.0,64776956.0,65311166.0,65821360.0,66319525.0,66826754.0,67328239.0,67813654.0,68270489.0,68712846.0,69157023.0,69578602.0,69960943.0,70294397.0,70607037.0,70898202.0,71127802.0,71307763.0,71475664.0,71601103.0,71697030.0
Tajikistan,TJK,"Population, total",6272998.0,6408810.0,6541755.0,6672492.0,6801204.0,6929145.0,7057417.0,7188391.0,7324627.0,7468596.0,7621779.0,7784819.0,7956382.0,8136610.0,8326348.0,8524063.0,8725318.0,8925525.0,9128132.0,9337003.0,9543207.0,9750064.0,9952787.0
Turkmenistan,TKM,"Population, total",4569132.0,4635094.0,4698968.0,4758988.0,4819792.0,4885775.0,4954029.0,5024894.0,5100083.0,5180957.0,5267970.0,5360811.0,5458682.0,5560095.0,5663152.0,5766431.0,5868561.0,5968383.0,6065066.0,6158420.0,6250438.0,6341855.0,6430770.0
Latin America & the Caribbean (IDA & IBRD countries),TLA,"Population, total",505304844.0,512664811.0,519865563.0,526861169.0,533741619.0,540553499.0,547224720.0,553771247.0,560186837.0,566539590.0,572674666.0,579334666.0,585986944.0,592507619.0,598949385.0,605335594.0,611668087.0,617875842.0,623841282.0,629515571.0,634680385.0,639188695.0,643602758.0
Timor-Leste,TLS,"Population, total",878360.0,893001.0,909639.0,926721.0,945989.0,969313.0,994564.0,1019362.0,1043076.0,1065540.0,1088486.0,1112976.0,1137676.0,1161555.0,1184830.0,1205813.0,1224562.0,1243235.0,1261845.0,1280438.0,1299995.0,1320942.0,1341296.0
Middle East & North Africa (IDA & IBRD countries),TMN,"Population, total",280976957.0,286546301.0,291738620.0,296947926.0,302709154.0,308628177.0,314576732.0,320585896.0,326701327.0,332985938.0,339527169.0,345887176.0,352259724.0,359233517.0,366582958.0,373867247.0,380687450.0,387152617.0,393806257.0,400574097.0,407006855.0,413124452.0,419284769.0
Tonga,TON,"Population, total",102603.0,103210.0,103804.0,104410.0,105036.0,105633.0,106190.0,106638.0,106932.0,107144.0,107383.0,107611.0,107502.0,107089.0,106626.0,106122.0,105707.0,105415.0,105150.0,104951.0,105254.0,106017.0,106858.0
South Asia (IDA & IBRD),TSA,"Population, total",1406945493.0,1434314654.0,1462070145.0,1489358080.0,1515703001.0,1541263909.0,1565892885.0,1589454615.0,1612709085.0,1636411632.0,1660546144.0,1684898004.0,1708706729.0,1731683901.0,1754030304.0,1775545180.0,1797072648.0,1818931519.0,1840534093.0,1861598514.0,1882531620.0,1901911604.0,1919348000.0
Sub-Saharan Africa (IDA & IBRD countries),TSS,"Population, total",671212486.0,689161982.0,707693440.0,726785433.0,746546802.0,766978666.0,788110000.0,810019264.0,832642735.0,855885698.0,879797419.0,904282154.0,929328653.0,955096702.0,981506608.0,1008698799.0,1036155989.0,1063885274.0,1092403973.0,1121549049.0,1151302081.0,1181163013.0,1211170184.0
Trinidad and Tobago,TTO,"Population, total",1332203.0,1338567.0,1345964.0,1353548.0,1361172.0,1369075.0,1376919.0,1384861.0,1392803.0,1401191.0,1410296.0,1420020.0,1430377.0,1440729.0,1450661.0,1460177.0,1469330.0,1478607.0,1504709.0,1519955.0,1518147.0,1525663.0,1531044.0
Tunisia,TUN,"Population, total",9893316.0,9995123.0,10094561.0,10193798.0,10292225.0,10388344.0,10483558.0,10580395.0,10680380.0,10784504.0,10895063.0,11032528.0,11174383.0,11300284.0,11428948.0,11557779.0,11685667.0,11811443.0,11933041.0,12049314.0,12161723.0,12262946.0,12356117.0
Turkiye,TUR,"Population, total",64113547.0,65072018.0,65988663.0,66867327.0,67785075.0,68704715.0,69601333.0,70468869.0,71320726.0,72225639.0,73195345.0,74173854.0,75277439.0,76576117.0,78112073.0,79646178.0,81019394.0,82089826.0,82809304.0,83481684.0,84135428.0,84775404.0,85341241.0
Tuvalu,TUV,"Population, total",9638.0,9621.0,9609.0,9668.0,9791.0,9912.0,10030.0,10149.0,10272.0,10408.0,10550.0,10700.0,10854.0,10918.0,10899.0,10877.0,10852.0,10828.0,10865.0,10956.0,11069.0,11204.0,11312.0
Tanzania,TZA,"Population, total",34463704.0,35414469.0,36353531.0,37333918.0,38360879.0,39439505.0,40562052.0,41716497.0,42870884.0,43957933.0,45110527.0,46416031.0,47786137.0,49253643.0,50814552.0,52542823.0,54401802.0,56267032.0,58090443.0,59872579.0,61704518.0,63588334.0,65497748.0
Uganda,UGA,"Population, total",24020697.0,24763325.0,25545090.0,26354736.0,27146084.0,27946588.0,28773227.0,29629804.0,30509862.0,31412520.0,32341728.0,33295738.0,34273295.0,35273570.0,36336539.0,37477356.0,38748299.0,40127085.0,41515395.0,42949080.0,44404611.0,45853778.0,47249585.0
Ukraine,UKR,"Population, total",49176500.0,48662400.0,48202470.0,47812949.0,47451626.0,47105171.0,46787786.0,46509355.0,46258189.0,46053331.0,45870741.0,45706086.0,45593342.0,45489648.0,45272155.0,45154036.0,45004673.0,44831135.0,44622518.0,44386203.0,44132049.0,43792855.0,38000000.0
Upper middle income,UMC,"Population, total",2375280814.0,2396527322.0,2416905279.0,2436604576.0,2455899822.0,2475204158.0,2493607365.0,2511321701.0,2530088264.0,2549308481.0,2567975844.0,2587865522.0,2610297249.0,2633307046.0,2655715233.0,2677252453.0,2697737806.0,2717991985.0,2736419850.0,2752927981.0,2766467575.0,2776091134.0,2784208276.0
Uruguay,URY,"Population, total",3292224.0,3300939.0,3306441.0,3310202.0,3313801.0,3317665.0,3322282.0,3328651.0,3336126.0,3344156.0,3352651.0,3361637.0,3371133.0,3381180.0,3391662.0,3402818.0,3413766.0,3422200.0,3427042.0,3428409.0,3429086.0,3426260.0,3422794.0
United States,USA,"Population, total",282162411.0,284968955.0,287625193.0,290107933.0,292805298.0,295516599.0,298379912.0,301231207.0,304093966.0,306771529.0,309327143.0,311583481.0,313877662.0,316059947.0,318386329.0,320738994.0,323071755.0,325122128.0,326838199.0,328329953.0,331511512.0,332031554.0,333287557.0
Uzbekistan,UZB,"Population, total",24650400.0,24964450.0,25271850.0,25567650.0,25864350.0,26167000.0,26488250.0,26868000.0,27302800.0,27767400.0,28562400.0,29339400.0,29774500.0,30243200.0,30757700.0,31298900.0,31847900.0,32388600.0,32956100.0,33580350.0,34232050.0,34915100.0,35648100.0
St. Vincent and the Grenadines,VCT,"Population, total",113813.0,113641.0,113450.0,113108.0,112608.0,112043.0,111427.0,110824.0,110316.0,109840.0,109308.0,108703.0,108083.0,107450.0,106912.0,106482.0,105963.0,105549.0,105281.0,104924.0,104632.0,104332.0,103948.0
"Venezuela, RB",VEN,"Population, total",24427729.0,24880203.0,25330929.0,25782029.0,26226927.0,26668785.0,27102081.0,27525097.0,27933833.0,28327892.0,28715022.0,29096159.0,29470426.0,29838021.0,30193258.0,30529716.0,30741464.0,30563433.0,29825653.0,28971683.0,28490453.0,28199867.0,28301696.0
British Virgin Islands,VGB,"Population, total",20104.0,20657.0,21288.0,21982.0,22715.0,23497.0,24323.0,25191.0,26115.0,27044.0,27556.0,27962.0,28421.0,28657.0,28971.0,29366.0,29739.0,30060.0,30335.0,30610.0,30910.0,31122.0,31305.0
Virgin Islands (U.S.),VIR,"Population, total",108642.0,108549.0,108509.0,108505.0,108466.0,108453.0,108369.0,108337.0,108397.0,108404.0,108357.0,108290.0,108188.0,108041.0,107882.0,107712.0,107516.0,107281.0,107001.0,106669.0,106290.0,105870.0,105413.0
Viet Nam,VNM,"Population, total",79001142.0,79817777.0,80642308.0,81475825.0,82311227.0,83142095.0,83951800.0,84762269.0,85597241.0,86482923.0,87411012.0,88349117.0,89301326.0,90267739.0,91235504.0,92191398.0,93126529.0,94033048.0,94914330.0,95776716.0,96648685.0,97468029.0,98186856.0
Vanuatu,VUT,"Population, total",192074.0,197034.0,202125.0,207258.0,212422.0,217632.0,222923.0,228345.0,233952.0,239689.0,245453.0,251294.0,257313.0,263534.0,269927.0,276438.0,283218.0,290239.0,297298.0,304404.0,311685.0,319137.0,326740.0
World,WLD,"Population, total",6144321462.0,6226348086.0,6308140970.0,6389462496.0,6470924346.0,6552700448.0,6635110367.0,6717878341.0,6801710019.0,6885849785.0,6970038720.0,7053994597.0,7141487869.0,7229731581.0,7317970484.0,7405277863.0,7492156881.0,7578220703.0,7661776612.0,7742682218.0,7820963775.0,7888161297.0,7951149546.0
Samoa,WSM,"Population, total",184008.0,185530.0,186630.0,187440.0,188073.0,188626.0,189379.0,190478.0,191787.0,193176.0,194672.0,196351.0,198124.0,199939.0,201757.0,203571.0,205544.0,207630.0,209701.0,211905.0,214929.0,218764.0,222382.0
Kosovo,XKX,"Population, total",1700000.0,1701154.0,1702310.0,1703466.0,1704622.0,1705780.0,1719536.0,1733404.0,1747383.0,1761474.0,1775680.0,1791000.0,1807106.0,1818117.0,1812771.0,1788196.0,1777557.0,1791003.0,1797085.0,1788878.0,1790133.0,1786038.0,1761985.0
"Yemen, Rep.",YEM,"Population, total",18628700.0,19143457.0,19660653.0,20188799.0,20733406.0,21320671.0,21966298.0,22641538.0,23329004.0,24029589.0,24743946.0,25475610.0,26223391.0,26984002.0,27753304.0,28516545.0,29274002.0,30034389.0,30790513.0,31546691.0,32284046.0,32981641.0,33696614.0
South Africa,ZAF,"Population, total",46813266.0,47229714.0,47661514.0,48104048.0,48556071.0,49017147.0,49491756.0,49996094.0,50565812.0,51170779.0,51784921.0,52443325.0,53145033.0,53873616.0,54729551.0,55876504.0,56422274.0,56641209.0,57339635.0,58087055.0,58801927.0,59392255.0,59893885.0
Zambia,ZMB,"Population, total",9891136.0,10191964.0,10508294.0,10837973.0,11188040.0,11564870.0,11971567.0,12402073.0,12852966.0,13318087.0,13792086.0,14265814.0,14744658.0,15234976.0,15737793.0,16248230.0,16767761.0,17298054.0,17835893.0,18380477.0,18927715.0,19473125.0,20017675.0
Zimbabwe,ZWE,"Population, total",11834676.0,11910978.0,11984644.0,12075828.0,12160881.0,12224753.0,12330490.0,12450568.0,12550347.0,12679810.0,12839771.0,13025785.0,13265331.0,13555422.0,13855753.0,14154937.0,14452704.0,14751101.0,15052184.0,15354608.0,15669666.0,15993524.0,16320537.0
