"0","library(kableExtra)"
"0","library(dplyr)"
"0","library(tidyr)"
"0","topemployment <- women[(women$Industry_SOCmajor==""Management Occupations"" |"
"0","                           women$Industry_SOCmajor==""Legal Occupations"" |"
"0","                           women$Industry_SOCmajor==""Computer and Mathematical Occupations"" |"
"0","                           women$Industry_SOCmajor==""Healthcare Practitioners and Technical Occupations""),]"
"0",""
"0","topemployment <- na.omit(topemployment)"
"0","topemployment_women <- topemployment[, c('Industry_SOCmajor', 'Employment..2022', 'Men.employment..2022')]"
"0",""
"0",""
"0","topemployment <- topemployment %>%"
"0","  group_by(Industry_SOCmajor) %>%"
"0","  summarise(women_employment = sum(Employment..2022), men_employment = sum(Men.employment..2022))"
"0",""
"0","topemployment[, sapply(topemployment, is.numeric)] <- round(topemployment[, sapply(topemployment, is.numeric)], 0)"
"0",""
"0","topemployment"
