{"chunk_definitions":[{"row":13,"row_count":1,"visible":true,"expansion_state":0,"options":{"engine":"r","label":"unnamed-chunk-18"},"document_id":"9BC33303","chunk_id":"c398r6gknswi9","chunk_label":"unnamed-chunk-1"},{"row":43,"row_count":1,"visible":true,"expansion_state":0,"options":{"engine":"r","label":"unnamed-chunk-19"},"document_id":"9BC33303","chunk_id":"cwdxrpqcw0nkh","chunk_label":"unnamed-chunk-2"},{"row":54,"row_count":1,"visible":true,"expansion_state":0,"options":{"engine":"r","label":"unnamed-chunk-20"},"document_id":"9BC33303","chunk_id":"cof517huo5ryy","chunk_label":"unnamed-chunk-3"},{"row":69,"row_count":1,"visible":true,"expansion_state":0,"options":{"engine":"r","label":"unnamed-chunk-21"},"document_id":"9BC33303","chunk_id":"cwcplmlx2f4dy","chunk_label":"unnamed-chunk-4"},{"row":80,"row_count":1,"visible":true,"expansion_state":0,"options":{"engine":"r","label":"unnamed-chunk-22"},"document_id":"9BC33303","chunk_id":"c1tcozdkoc4dq","chunk_label":"unnamed-chunk-5"},{"row":115,"row_count":1,"visible":true,"expansion_state":0,"options":{"engine":"r","label":"unnamed-chunk-57"},"document_id":"9BC33303","chunk_id":"cmfffi5kmlstr","chunk_label":"unnamed-chunk-6"}],"doc_write_time":1701051918}